Workbook
Name RENDIM: APLICATIVO!$L$6
Name PATRIMN: APLICATIVO!$L$13
Name APORTE: APLICATIVO!$L$10
Name SALARIO: APLICATIVO!$L$5
Name TAX_MES: APLICATIVO!$L$12
Name INVEST: APLICATIVO!$L$7
Name PERI_ANO: APLICATIVO!$L$11

Sheet APLICATIVO
B4: CONFIGURAÇÕES
B5: Salário | L5: 5000
B6: Rendimento da Carteira | L6: 0.0038
B7: Sugestão de Investimento (20%) | L7: =SALARIO*20% -> 1000
B9: INVESTIMENTO MENSAL
B10: Quanto investir mensalmente | L10: 1000
B11: Período em anos | L11: 5
B12: Taxa de rendimento mensal | L12: 0.0108
B13: PATRIMÔMIO ACUMULADO: | L13: =FV(TAX_MES,12*PERI_ANO,-INVEST) -> 83804.019
B14: DIVIDENDOS MENSAIS: | L14: =TAX_MES*PATRIMN -> 905.08341
B16: CENÁRIOS | L16: DIVIDENDO
A17: 2 | B17: QUANTIA EM 2 ANOS: | L17: =FV(TAX_MES,12*A17,-INVEST) -> 27230.864
A18: 5 | B18: QUANTIA EM 5 ANOS: | L18: =FV(TAX_MES,12*A18,-INVEST) -> 83804.019
A19: 10 | B19: QUANTIA EM 10 ANOS: | L19: =FV(TAX_MES,12*A19,-INVEST) -> 243457.67
A20: 20 | B20: QUANTIA EM 20 ANOS: | L20: =FV(TAX_MES,12*A20,-INVEST) -> 1127049
A21: 30 | B21: QUANTIA EM 30 ANOS: | L21: =FV(TAX_MES,12*A21,-INVEST) -> 4333904.8
B23: PERFIL: | L23: AGRESSIVO
B24: VALOR A SER INVESTIDO POR MÊS | L24: =APORTE -> 1000
A26: TIPO DE FII | B26: TIPO DE FII | J26: % SUGERIDO | L26: VALORES
A27: PAPEL | B27: PAPEL | J27: =VLOOKUP(L$23&"-"&A27,SUPORTE!A:D,4,FALSE()) -> 0.5 | L27: =J27*L$24 -> 500
A28: TIJOLO | B28: TIJOLO | J28: =VLOOKUP(L$23&"-"&A28,SUPORTE!A:D,4,FALSE()) -> 0.1 | L28: =J28*L$24 -> 100
A29: HÍBRIDO | B29: HÍBRIDO | J29: =VLOOKUP(L$23&"-"&A29,SUPORTE!A:D,4,FALSE()) -> 0.05 | L29: =J29*L$24 -> 50
A30: FOFs | B30: FOFs | J30: =VLOOKUP(L$23&"-"&A30,SUPORTE!A:D,4,FALSE()) -> 0.05 | L30: =J30*L$24 -> 50
A31: DESENVOLVIMENTO | B31: DESENVOLVIMENTO | J31: =VLOOKUP(L$23&"-"&A31,SUPORTE!A:D,4,FALSE()) -> 0.2 | L31: =J31*L$24 -> 200
A32: HOTELARIA | B32: HOTELARIA | J32: =VLOOKUP(L$23&"-"&A32,SUPORTE!A:D,4,FALSE()) -> 0.1 | L32: =J32*L$24 -> 100
L33: =SUM(L27:L32) -> 1000

Sheet SUPORTE
A1: CHAVE | B1: PERFIL | C1: TIPO DE FII | D1: %
A2: =B2&"-"&C2 -> CONSERVADOR-PAPEL | B2: CONSERVADOR | C2: PAPEL | D2: 0.3
A3: =B3&"-"&C3 -> CONSERVADOR-TIJOLO | B3: CONSERVADOR | C3: TIJOLO | D3: 0.5
A4: =B4&"-"&C4 -> CONSERVADOR-HÍBRIDO | B4: CONSERVADOR | C4: HÍBRIDO | D4: 0.1
A5: =B5&"-"&C5 -> CONSERVADOR-FOFs | B5: CONSERVADOR | C5: FOFs | D5: 0.1
A6: =B6&"-"&C6 -> CONSERVADOR-DESENVOLVIMENTO | B6: CONSERVADOR | C6: DESENVOLVIMENTO | D6: 0
A7: =B7&"-"&C7 -> CONSERVADOR-HOTELARIA | B7: CONSERVADOR | C7: HOTELARIA | D7: 0
A8: =B8&"-"&C8 -> MODERADO-PAPEL | B8: MODERADO | C8: PAPEL | D8: 0.32
A9: =B9&"-"&C9 -> MODERADO-TIJOLO | B9: MODERADO | C9: TIJOLO | D9: 0.35
A10: =B10&"-"&C10 -> MODERADO-HÍBRIDO | B10: MODERADO | C10: HÍBRIDO | D10: 0.08
A11: =B11&"-"&C11 -> MODERADO-FOFs | B11: MODERADO | C11: FOFs | D11: 0.05
A12: =B12&"-"&C12 -> MODERADO-DESENVOLVIMENTO | B12: MODERADO | C12: DESENVOLVIMENTO | D12: 0.1
A13: =B13&"-"&C13 -> MODERADO-HOTELARIA | B13: MODERADO | C13: HOTELARIA | D13: 0.1
... A19: =B19&"-"&C19 -> AGRESSIVO-HOTELARIA | B19: AGRESSIVO | C19: HOTELARIA | D19: 0.1
